<?xml version="1.0" encoding="UTF-8"?>
<jcr:root xmlns:cq="http://www.day.com/jcr/cq/1.0" xmlns:jcr="http://www.jcp.org/jcr/1.0"
    jcr:primaryType="cq:Dialog"
    title="FAQ"
    xtype="dialog">
    <items
        jcr:primaryType="cq:Widget"
        xtype="tabpanel">
        <items jcr:primaryType="cq:WidgetCollection">
            <tab1
                jcr:primaryType="cq:Panel"
                title="Tab 1">
                <items jcr:primaryType="cq:WidgetCollection">
                    <faqs
                        jcr:primaryType="cq:Widget"
                        fieldLabel="Definitions"
                        name="./faqs"
                        orderable="{Boolean}true"
                        xtype="multifield">
                        <fieldConfig
                            jcr:primaryType="cq:Widget"
                            xtype="multifieldpanel">
                            <items jcr:primaryType="cq:WidgetCollection">
                                <questions
                                    jcr:primaryType="cq:Widget"
                                    fieldLabel="questions"
                                    key="questions"
                                    width="250"
                                    xtype="textfield"/>
                                <answers
                                    jcr:primaryType="cq:Widget"
                                    fieldLabel="answers"
                                    key="answers"
                                    width="250"
                                    xtype="textarea"/>
                            </items>
                        </fieldConfig>
                    </faqs>
                </items>
            </tab1>
        </items>
    </items>
</jcr:root>
